llave,folio_sist,entrev,durac
36-30-92-16,0067b955987542138ef6b5793b5e1d0a,ERAMO10,00.00:09:00
25-21-49-04,00c8ce64fe7d434f84d64e961f545a79,ERAMO4,00.00:19:25
49-74-24-12,01a975d0dae644d596e6817ad486e57c,ERAMO6,00.00:38:46
83-39-13-04,04b965f9cb8f4f5cb1b58c8ab4a2e5dd,ERAMO7,00.00:21:26
01-94-17-72,06646be259914374be344401f7fa2113,ERAMO6,00.00:10:37
14-07-53-67,0735e088014d4c52a6987c050f8d53b7,ERAMO5,00.00:25:06
43-11-23-41,07525eca43bb4e9b9721e775c4734cf7,ERAMO7,00.00:45:29
95-15-08-97,0ac1c503ded944d2bc280d4961ae0dfc,ERAMO10,00.00:04:43
80-99-12-28,0dfea405c9f54721806a083988d2a218,ERAMO4,00.00:07:02
32-04-68-91,0e5dcf441b06430296cf2dbd91052e96,ERAMO3,00.00:18:10
65-43-42-69,1011c2eddf2b4896b6c5a3a39ccbadaf,ERAMO10,00.00:14:24
77-06-67-30,11f1b33a479b47a1b69e19f94e022a64,ERAMO1,00.00:18:59
29-98-77-65,120f5942ede34c539cbe4b8b10245b50,ERAMO3,00.00:15:35
10-60-75-17,125e29520d9247bb886bbbdbd28569b4,ERAMO6,00.00:03:30
41-05-66-05,159a355616284908beeeb51ca0e8a864,ERAMO5,00.00:18:34
50-22-36-53,16b9280b8d654643a96a5f4370d6e720,ERAMO10,00.00:10:13
49-37-50-76,18953c71937a464d892b5bd6f667e0e0,ERAMO6,00.00:05:14
08-86-84-51,191252af015d45139bdae2e9445d0055,ERAMO10,00.00:10:46
67-78-81-26,1ee18f378ee54e79b935488eef856ad7,ERAMO10,00.00:01:41
29-53-62-96,1f451451d9bb4356a076cd03cf6f5395,ERAMO3,00.00:05:27
01-28-97-08,1ffa0c97708342d78431cc7dedd9c607,ERAMO10,00.00:11:26
44-22-14-05,20a3fe76ea27452ba059100bb93faa27,ERAMO5,00.00:26:06
71-80-89-44,218c6a9a6559454aadd89c2bd579a6bf,ERAMO10,00.00:04:06
70-85-90-36,25ad39bc3dc348309e0f3426ab0f0df6,ERAMO6,00.00:10:46
54-31-39-72,25e3002992ec48679df3270aea8b3662,ERAMO7,00.00:17:29
48-47-20-51,2a48fcc59e5c4bc0a79e5da15e60e438,ERAMO7,00.00:34:52
58-37-62-10,2e39f4002b7047e6806361ababbc884f,ERAMO4,00.00:09:06
64-52-59-34,2f7d0718963f479397c4befa92cf3259,ERAMO6,00.00:01:45
69-55-14-11,32889765b21440339bceee5a9f8dd6ff,ERAMO1,00.00:04:14
72-22-26-38,3463851d9e594ee48769508ad46c7e1c,ERAMO6,00.00:06:06
07-42-68-66,35f3597b869c44b982828854148c49fd,ERAMO1,00.00:18:51
26-48-70-91,382779ea49d24189b9e54c83ea1bc834,ERAMO1,00.00:16:14
22-10-73-98,3aa84832399d449db3923207e95ab925,ERAMO4,00.00:58:31
24-67-35-81,3be4454ed92e4e05b69cc9c5ce077a9b,ERAMO6,00.00:19:09
78-64-98-20,3c460462d6514825803a09ce35df7025,ERAMO10,00.00:07:11
70-77-87-59,3c92d73814b84f5eb49695b657083cb8,ERAMO3,00.00:13:05
47-44-56-58,3c9b32cc7a994ad2aaa37f9c56cf27f7,ERAMO5,00.00:23:42
88-80-45-21,3dcb3ee319834e3ab9ff5b7d82b022b6,ERAMO3,00.00:11:57
70-15-01-95,3e0454fc3af64146b5859f757b7ac156,ERAMO5,00.01:19:32
67-66-26-98,407802c9052b4a7ea064d07e9ce8b6e3,ERAMO4,00.01:19:04
86-98-20-49,419de24cb06a48acbf10edc71ef4876e,ERAMO10,00.00:07:11
12-54-30-22,41c1ea1f454c4b768bed2695e5eb4b36,ERAMO7,00.00:10:03
55-95-73-76,43382bb17dff47429221517d606ceac1,ERAMO7,00.00:28:27
04-59-39-62,43e26796f47645288e6e6a806ea76592,ERAMO10,00.00:15:27
24-07-91-89,46294dbd8881403596f29085c5afcef5,ERAMO6,00.00:25:05
13-89-84-35,473ea3f44567492f9a50d38100d0762d,ERAMO10,00.00:17:58
65-31-27-49,48238198b9c14622bc55ec80720660b6,ERAMO5,00.01:10:36
56-17-32-17,486df450df8145118f5796b2a954f5d6,ERAMO10,00.00:09:53
32-78-66-91,48ff2102953a4fa5950417f2a17d32c3,ERAMO7,00.00:11:18
73-95-78-35,4a7f065e1e2243dd8a05d52fb98f430b,ERAMO1,00.00:12:16
58-57-15-91,4b954ad8d46840728951b79c84428f1e,ERAMO7,00.00:25:00
54-00-78-75,5316c91489b74d3789de254236d43d6b,ERAMO1,00.00:08:08
54-02-77-84,5554630de12b4c14bd01e13b3199840b,ERAMO3,00.00:09:30
51-12-09-54,5652d8d95fef448eaafdc254017df336,ERAMO6,00.00:19:35
63-98-73-71,569f6a1be8a2404f89b947e8aa977f20,ERAMO5,00.00:28:14
38-93-12-09,58483686d83a474f81a3c45a41c88bbf,ERAMO10,00.00:14:29
03-05-58-94,58508653032d427990bea8c7b490a491,ERAMO7,00.00:26:56
26-48-02-56,589f733ce0164ce0a9a691c442993bd1,ERAMO6,00.00:32:34
19-37-12-46,5b9fd12ff2084b83b3c667c379c8be7a,ERAMO10,00.00:09:41
39-31-37-02,5e750539241d459fbace3923813079f0,ERAMO7,00.00:55:34
59-89-02-75,5e9e1c3f1fd8410aafbc30eebf22578d,ERAMO10,00.00:11:27
99-53-17-80,5f1f1753ad754a53ab2b7e86d5398738,ERAMO7,00.00:00:42
78-08-56-55,6129d0963c1748bd83f0147956e94b2c,ERAMO4,00.00:58:37
53-85-34-21,617c1795cc3846228b924cf3246acb95,ERAMO10,00.00:07:47
77-74-10-53,6187b8c4c0fe47a493b63448174ae004,ERAMO3,00.00:12:17
39-20-84-48,628ae84cf23945da90ffd52772ffaf25,ERAMO6,00.00:04:28
23-96-89-48,65622fc1d42b46ec94e1e533f9811bac,ERAMO5,00.00:21:43
60-39-94-75,65f14215ce354a648d944a1b26388e8e,ERAMO6,00.00:16:27
53-27-23-59,66fce4e079a94f7693191d79cf6ce2a5,ERAMO10,00.00:06:54
96-57-45-57,6768cacb96514fe78104388a2824d58b,ERAMO4,00.00:26:52
58-14-84-28,6c156cf9c02744fe996adb3460d4110f,ERAMO10,00.00:28:49
06-88-03-86,6e951b960a744281bbcc9e8122194798,ERAMO1,00.00:07:45
52-81-44-27,6e994d425a7e466f8c692362ae2c838a,ERAMO5,00.00:37:08
41-72-60-47,72b5ceb36b7f4e8885061fa600d45ee6,ERAMO4,00.00:30:48
53-98-17-94,77f9f66aa8e948ffa2df0aa7d9946aca,ERAMO5,00.00:38:25
89-14-96-44,78490e7890d34bb6b026b459ed0cb9aa,ERAMO3,00.00:10:09
20-39-37-73,79ec66871bec427caea85b9c1ed482d9,ERAMO7,00.00:33:18
75-96-72-76,7a49d05a62594212aca273a1f08f0642,ERAMO5,00.00:02:49
44-68-18-18,7b3125d7dcfe482f8fbddcd56ad7af48,ERAMO6,00.00:11:29
06-37-67-42,7bf709fd79f646a98ac71e38493abd23,ERAMO3,00.00:15:50
20-14-05-33,7d660897386f4f139c3923ac964c6e03,ERAMO1,00.00:10:49
48-40-47-85,7e2e1fec4d8840d5807d499ee1c95eb6,ERAMO5,00.00:05:43
27-28-56-37,807e4b5284374d7cb583837664a364ed,ERAMO5,00.00:24:14
12-72-69-88,81481e6110c141f18cd478542e3a0c6d,ERAMO4,00.00:24:25
53-49-26-41,82eb3f4759634438993e880cd877a38d,ERAMO3,00.00:12:35
98-38-33-96,8423170f4ace4aef9363def78726a00c,ERAMO6,00.00:37:30
84-57-22-39,8541b60d9cd74da0ac8d4fc90aae724e,ERAMO6,00.00:11:27
74-52-96-60,8857e5b4b4a34d97b0fc056002848515,ERAMO6,00.00:09:02
09-12-76-08,8be36f9e14394450b8de216b70518e3c,ERAMO6,00.00:08:13
79-34-67-08,8caaeb1333184ccf9fc17c5c0c53c64d,ERAMO7,00.00:26:31
92-86-79-74,8dc359d772ee499db97737d90ca5f66d,ERAMO10,00.00:13:32
62-18-97-69,8f1154323d83496dbe9b46ebc1e63ee1,ERAMO1,00.00:15:47
17-12-01-64,8f5e6748902e4319b63bdc47211daed2,ERAMO7,00.00:02:34
15-59-22-15,9269591b3ea1407fbf1107e42892b167,ERAMO6,00.00:06:46
18-90-43-80,929bc7da4c964c1bbfbd939c4169e468,ERAMO7,00.00:10:03
87-92-33-12,9337cb1d4d5e4e2ca771488176f01c9c,ERAMO1,00.00:04:40
60-62-73-58,981dfa4715324a048a3563eda0ed81dd,ERAMO6,00.00:08:20
28-64-17-18,99de3cae18da4f0185091c94e3c4839a,ERAMO7,00.01:10:00
77-07-52-57,9dd50bea57e346e591037a521dafe548,ERAMO10,00.00:02:51
63-45-63-08,9eefb80181e944ceb40beaf158f45c15,ERAMO4,00.00:03:38
48-73-84-21,a1465091ada74e7daee07a61ce7bda3b,ERAMO4,00.01:00:32
75-88-19-43,a1aab12e404740e8bc0ca06bcb53ac65,ERAMO10,00.00:57:28
17-23-45-49,a315ffdb0625489495523aaf36dd9a71,ERAMO7,00.00:34:24
13-19-43-16,a462a10fa2d149f489030ac63d11bf12,ERAMO1,00.00:16:55
25-18-18-25,a5656814aadc403ca652dbd0b8402d4d,ERAMO3,00.00:12:14
80-19-48-86,a5f4be7db1ad4d51bddceb1d97abd155,ERAMO1,00.00:03:29
45-09-09-57,a64f864a2448412b96b4df92169f805b,ERAMO3,00.00:12:11
84-05-91-99,a9a24274d8fa4418a33937ef99cab032,ERAMO7,00.01:44:37
66-30-95-73,ab6f684c53834c4e95c4ff4daee2eabd,ERAMO10,00.00:11:31
57-21-47-06,abdfff92309f48b48d5d170ac43c432b,ERAMO3,00.00:08:18
42-87-94-00,ad2e48efb1d24da6bc69574f958ade1d,ERAMO4,00.00:09:19
99-14-54-89,af5b108067c1450ba18aa896465cd922,ERAMO7,00.00:14:48
19-67-71-65,b139c155fe0a4e0c9e1148dbdc456530,ERAMO4,00.00:35:16
24-83-47-64,b747f0353a5f4b28836986150022b095,ERAMO10,00.00:31:36
82-35-97-71,b8b42e0212e440769a3872a0649768ee,ERAMO7,00.00:23:59
00-92-24-77,bcbf247742134c8982a15c15fdf9c0ef,ERAMO10,00.00:05:34
51-25-43-27,bd8c47585b484cf2b74f26de164abb71,ERAMO1,00.00:03:49
40-37-10-26,bec2e02e479f4c3b88addec27ab864f7,ERAMO10,00.00:10:02
67-37-55-52,c1e69af3d7f84744b9d45ba7db94f01c,ERAMO4,00.00:27:09
04-05-29-04,c2d71b1335a848dab51a2f9bdb95bcf9,ERAMO5,00.00:00:47
31-64-28-56,c3d36b0834c34d238c52b3ff1f6c6961,ERAMO4,00.01:21:28
14-33-22-22,c4924dc6464247c39da44ccee5a6970c,ERAMO3,00.00:29:29
22-93-40-85,c5f2b90ab6754be19747c2b28f1320ce,ERAMO7,00.00:30:19
28-00-62-97,c6e0951e16154e23938fd5aeb2c8b9ae,ERAMO7,00.00:20:04
37-67-74-84,c79ac406e49b4fd598f11ce594da67e5,ERAMO5,00.00:16:38
40-84-45-96,ce6b485097cb49e1b03e1b6e272d3756,ERAMO4,00.00:09:26
23-97-42-63,cff52c5c9a094e99b0b6ed2a8c3b7aff,ERAMO1,00.00:18:07
58-77-79-42,d06af6f3a0554c81b2854aad1c2547c3,ERAMO10,00.00:07:31
87-67-17-86,d0a1f01dfea14f27ba3c66147db8583a,ERAMO6,00.00:10:53
66-96-44-94,d1d2728ce78a4c2abcb3da3f5720bf90,ERAMO3,00.01:06:07
46-03-62-97,d38951a0b0e647448f7cf84115562090,ERAMO6,00.00:00:55
24-69-38-16,d42fee3376704b98a4fbb89433bc7454,ERAMO10,00.00:39:48
22-07-32-82,d4fed762504b4d069f64e088d7f8f372,ERAMO1,00.00:09:06
13-35-20-12,da3b7c37368a4e6c9f34941ca0d2e76a,ERAMO10,00.00:19:50
27-42-58-51,df06179182c54521a1e4946a077a270d,ERAMO5,00.00:32:32
15-06-32-21,e1b86da4db364a87b747f1b1f8c46deb,ERAMO6,00.00:14:13
69-25-05-13,e22f7281317049f3898f95329b3b768c,ERAMO5,00.00:58:34
76-78-39-65,e2384bfb8499416588876acf639bb577,ERAMO6,00.00:09:42
51-35-38-52,e52692829ef1427dbee2bd8311ff7514,ERAMO4,00.00:08:14
73-57-70-18,e532888b76c2445eae4eec9b5b2cc958,ERAMO10,00.00:11:24
39-41-44-09,e62edcc64eb3428497151064dd4ea67a,ERAMO4,00.00:17:34
78-93-31-45,e698762e18fa44f485bd5463698b969a,ERAMO7,00.00:31:15
96-47-22-21,e6d07f4785a04d58a82030d0cd416679,ERAMO7,00.00:23:18
31-01-70-00,e7fc04d2dd944638912eaec34924cfe1,ERAMO5,00.00:30:04
65-31-50-06,e953559bda9f4978939e7713c69577ec,ERAMO3,00.00:05:06
32-18-32-76,eb616622ccdd48c0ac270ee4b9e79363,ERAMO1,00.00:09:49
65-51-61-06,f228089ced0b4db5bc9c33c4a33a0cd7,ERAMO1,00.00:11:03
63-70-13-35,f381d8f70431402ab986b244c814c100,ERAMO5,00.00:14:39
64-09-01-53,f3a157b9cec644f3af5825a515ae208b,ERAMO1,00.00:03:24
59-86-22-78,f76ac7fdb545470099237e9903d892d6,ERAMO7,00.00:05:06
78-93-50-99,f7a32ec224c347f8b394e29cecddc24b,ERAMO5,00.00:32:32
